/*
SQLyog Ultimate v12.08 (64 bit)
MySQL - 5.6.35-log : Database - zb_server
*********************************************************************
*/


/*!40101 SET NAMES utf8 */;

/*!40101 SET SQL_MODE=''*/;

/*!40014 SET @OLD_UNIQUE_CHECKS=@@UNIQUE_CHECKS, UNIQUE_CHECKS=0 */;
/*!40014 SET @OLD_FOREIGN_KEY_CHECKS=@@FOREIGN_KEY_CHECKS, FOREIGN_KEY_CHECKS=0 */;
/*!40101 SET @OLD_SQL_MODE=@@SQL_MODE, SQL_MODE='NO_AUTO_VALUE_ON_ZERO' */;
/*!40111 SET @OLD_SQL_NOTES=@@SQL_NOTES, SQL_NOTES=0 */;
CREATE DATABASE /*!32312 IF NOT EXISTS*/`zb_server` /*!40100 DEFAULT CHARACTER SET utf8 */;

USE `zb_server`;

/*Table structure for table `basic_config` */

DROP TABLE IF EXISTS `basic_config`;

CREATE TABLE `basic_config` (
  `id` bigint(11) NOT NULL AUTO_INCREMENT,
  `config_name` varchar(50) NOT NULL COMMENT '标识项目是否处于管理员调试、修改状态，用户登录之后会有相应的弹窗提醒',
  `config_value` varchar(50) NOT NULL,
  PRIMARY KEY (`id`)
) ENGINE=InnoDB AUTO_INCREMENT=2 DEFAULT CHARSET=utf8 COMMENT='全局性配置';

/*Data for the table `basic_config` */

insert  into `basic_config`(`id`,`config_name`,`config_value`) values (1,'project_debugging_tip','0');

/*Table structure for table `basic_source_download` */

DROP TABLE IF EXISTS `basic_source_download`;

CREATE TABLE `basic_source_download` (
  `id` bigint(20) NOT NULL AUTO_INCREMENT,
  `name` varchar(100) NOT NULL COMMENT '资源名称',
  `down_url` varchar(150) NOT NULL COMMENT '下载地址',
  `icon_name` varchar(50) NOT NULL DEFAULT 'icon-download-alt' COMMENT '图标',
  `sort_num` int(11) NOT NULL DEFAULT '0' COMMENT '排序',
  `create_time` datetime NOT NULL,
  `update_time` datetime NOT NULL,
  PRIMARY KEY (`id`)
) ENGINE=InnoDB AUTO_INCREMENT=48 DEFAULT CHARSET=utf8;

/*Data for the table `basic_source_download` */

insert  into `basic_source_download`(`id`,`name`,`down_url`,`icon_name`,`sort_num`,`create_time`,`update_time`) values (1,'ActiveMQ消息监听处理入门Demo(Spring简单集成).zip','http://pan.baidu.com/s/1hrH9DnY','icon-download-alt',0,'2016-11-03 15:17:37','2016-11-03 15:17:39'),(2,'apache tomcat集群环境搭建图文教程.zip','http://pan.baidu.com/s/1o7DtCsq','icon-download-alt',0,'2016-11-03 15:18:34','2016-11-03 15:18:36'),(3,'chatpush-在线聊天室(可选指定用户聊天).zip','http://pan.baidu.com/s/1eR521IM','icon-download-alt',0,'2016-11-03 15:19:33','2016-11-03 15:19:35'),(4,'crm后台系统源码(bootstrap).zip','http://pan.baidu.com/s/1i4TcT29','icon-download-alt',0,'2016-11-03 15:19:56','2016-11-03 15:19:57'),(5,'DateTimePicker_JQuery日期和时间插件.zip','http://pan.baidu.com/s/1o8eyaF4','icon-download-alt',0,'2016-11-03 15:20:20','2016-11-03 15:20:22'),(6,'dwrcomet-推送消息给指定用户Demo.zip','http://pan.baidu.com/s/1kVAslEn','icon-download-alt',0,'2016-11-03 15:20:42','2016-11-03 15:20:44'),(7,'DwrPush-模拟消息推送至所有当前在线的用户.zip','http://pan.baidu.com/s/1i5BclKh','icon-download-alt',0,'2016-11-03 15:21:03','2016-11-03 15:21:05'),(8,'dwz富客户端 springmvc ibatis简单Demo.zip','http://pan.baidu.com/s/1boRTofX','icon-download-alt',0,'2016-11-03 15:21:24','2016-11-03 15:21:26'),(9,'easyui完整Demo-各种功能_布局.zip','http://pan.baidu.com/s/1nvJb8G5','icon-download-alt',0,'2016-11-03 15:21:52','2016-11-03 15:21:54'),(10,'erp项目源码--bootstrap 选项卡切换.zip','http://pan.baidu.com/s/1boLhDLl','icon-download-alt',0,'2016-11-03 15:22:13','2016-11-03 15:22:15'),(11,'Highcharts简单实例Demo.zip','http://pan.baidu.com/s/1dFt91nF','icon-download-alt',0,'2016-11-03 15:22:37','2016-11-03 15:22:38'),(12,'HTML5 CSS3鼠标悬停图片特效.zip','http://pan.baidu.com/s/1eSLXIee','icon-download-alt',0,'2016-11-03 15:23:01','2016-11-03 15:23:03'),(13,'Java web项目：mybatis、springmvc、seajs、freemarker、分布式session、自定义taglib等.zip','http://pan.baidu.com/s/1qYzsFxU','icon-download-alt',0,'2016-11-03 15:23:21','2016-11-03 15:23:23'),(14,'Java后台系统-不同框架优点集成-bootstrap布局-权限角色管理(含sql)----1.0.0版本.zip','http://pan.baidu.com/s/1i4GlFql','icon-download-alt',0,'2016-11-03 15:23:43','2016-11-03 15:23:44'),(15,'java线程异步：异步发送email、回调接口定义、其他异步线程demo.zip','http://pan.baidu.com/s/1jIbOunO','icon-download-alt',0,'2016-11-03 15:24:06','2016-11-03 15:24:08'),(16,'JAVA之23种设计模式的完整实例代码.zip','http://pan.baidu.com/s/1o8NJsL0','icon-download-alt',0,'2016-11-03 15:24:28','2016-11-03 15:24:29'),(17,'jd-gui反编译jar_复制源码为java文件(自己写的工具).rar','http://pan.baidu.com/s/1dE8mrap','icon-download-alt',0,'2016-11-03 15:24:47','2016-11-03 15:24:50'),(18,'jquery点击图片选中特效.rar','http://pan.baidu.com/s/1jIJNEq6','icon-download-alt',0,'2016-11-03 15:25:12','2016-11-03 15:25:13'),(19,'jQuery轻量级圆形进度指示器插件.zip','http://pan.baidu.com/s/1o8Lbz4m','icon-download-alt',0,'2016-11-03 15:27:51','2016-11-03 15:27:53'),(20,'lucene基于本地磁盘的文件索引Demo.zip','http://pan.baidu.com/s/1jI8suqy','icon-download-alt',0,'2016-11-03 15:28:11','2016-11-03 15:28:13'),(21,'lucene基于内存的检索Demo.zip','http://pan.baidu.com/s/1qXEB2DA','icon-download-alt',0,'2016-11-03 15:28:31','2016-11-03 15:28:32'),(22,'lucene索引——增删改查.zip','http://pan.baidu.com/s/1bo2kKCf','icon-download-alt',0,'2016-11-03 15:28:49','2016-11-03 15:28:50'),(23,'MongoDB环境搭建与实例代码测试.rar','http://pan.baidu.com/s/1o7OiXMM','icon-download-alt',0,'2016-11-03 15:29:09','2016-11-03 15:29:10'),(24,'orm框架 微信框架 自定义拦截器 自定义注解 数据源切换等.zip','http://pan.baidu.com/s/1jHMVoiU','icon-download-alt',0,'2016-11-03 15:29:29','2016-11-03 15:29:31'),(25,'pdf文件打印(freemarker作为pdf模板，通过参数替换、遍历显示效果)（java版 spring）.zip','http://pan.baidu.com/s/1kUWw8Vd','icon-download-alt',0,'2016-11-03 15:29:47','2016-11-03 15:29:49'),(26,'pluplaod文件分割上传Demo.zip','http://pan.baidu.com/s/1kV8Wpy3','icon-download-alt',0,'2016-11-03 15:30:05','2016-11-03 15:30:07'),(27,'SpringActiveMQ消息发送与接收(WEB版)-入门实例.zip','http://pan.baidu.com/s/1hsqL6vE','icon-download-alt',0,'2016-11-03 15:30:24','2016-11-03 15:30:26'),(28,'springbatch批处理(完整Demo).zip','http://pan.baidu.com/s/1hsgCgVq','icon-download-alt',0,'2016-11-03 15:30:47','2016-11-03 15:30:49'),(29,'springmvc mybatis集成—干净框架(直接使用).zip','http://pan.baidu.com/s/1i4XgFjR','icon-download-alt',0,'2016-11-03 15:31:09','2016-11-03 15:31:10'),(30,'springsecurity权限控制Demo.zip','http://pan.baidu.com/s/1i4MXsnr','icon-download-alt',0,'2016-11-03 15:31:30','2016-11-03 15:31:31'),(31,'spring_activemq消息发送接收(最终版-非WEB访问).zip','http://pan.baidu.com/s/1jIDcfII','icon-download-alt',0,'2016-11-03 15:31:47','2016-11-03 15:31:49'),(32,'spring_security3_详细配置(摘自网络).zip','http://pan.baidu.com/s/1kUAbWjl','icon-download-alt',0,'2016-11-03 15:32:09','2016-11-03 15:32:10'),(33,'SSO之CAS单点登录详细图文教程.zip','http://pan.baidu.com/s/1hrY4BBm','icon-download-alt',0,'2016-11-03 15:32:29','2016-11-03 15:32:30'),(34,'WebSocket消息聊天室Demo.zip','http://pan.baidu.com/s/1jI7CzAY','icon-download-alt',0,'2016-11-03 15:32:51','2016-11-03 15:32:52'),(35,'读取Excel工具类(包含流读取、文件读取).zip','http://pan.baidu.com/s/1skE92ET','icon-download-alt',0,'2016-11-03 15:33:09','2016-11-03 15:33:11'),(36,'断点 多线程下载实例.zip','http://pan.baidu.com/s/1miuHeIG','icon-download-alt',0,'2016-11-03 15:33:31','2016-11-03 15:33:32'),(37,'基于dwr消息推送Demo.zip','http://pan.baidu.com/s/1boRTogJ','icon-download-alt',0,'2016-11-03 15:33:47','2016-11-03 15:33:48'),(38,'手机_日期时间控件.zip','http://pan.baidu.com/s/1hs7G2HY','icon-download-alt',0,'2016-11-03 15:34:05','2016-11-03 15:34:07'),(39,'手机时间控件.zip','http://pan.baidu.com/s/1qXYou7M','icon-download-alt',0,'2016-11-03 15:34:25','2016-11-03 15:34:27'),(40,'数据采集—基于百度文库的抓取Demo.zip','http://pan.baidu.com/s/1cpBMeM','icon-download-alt',0,'2016-11-03 15:34:46','2016-11-03 15:34:47'),(41,'网页加载进度条-实例Demo.zip','http://pan.baidu.com/s/1pLViL9x','icon-download-alt',0,'2016-11-03 15:35:07','2016-11-03 15:35:08'),(42,'微信JSAPI支付完整Demo.zip','http://pan.baidu.com/s/1nvdehnj','icon-download-alt',0,'2016-11-03 15:35:29','2016-11-03 15:35:30'),(43,'微信JSAPI支付完整Demo第二版(新增关闭订单、查询订单、查询退款、下载对账单、申请退款).zip','http://pan.baidu.com/s/1i4VKKNN','icon-download-alt',0,'2016-11-03 15:35:47','2016-11-03 15:35:48'),(44,'异步发送email之demo.zip','http://pan.baidu.com/s/1o7IJv1S','icon-download-alt',0,'2016-11-03 15:36:05','2016-11-03 15:36:07'),(45,'银联PC网关支付demo(退款、对账文件、查询、撤销).zip','http://pan.baidu.com/s/1pKXAz0Z','icon-download-alt',0,'2016-11-03 15:36:25','2016-11-03 15:36:27'),(46,'支付宝PC及时到账支付Demo-JAVA.zip','http://pan.baidu.com/s/1pLyEKsz','icon-download-alt',0,'2016-11-03 15:36:44','2016-11-03 15:36:46'),(47,'支付宝PC支付完整Demo.zip','http://pan.baidu.com/s/1kUAbWjH','icon-download-alt',0,'2016-11-03 15:37:03','2016-11-03 15:37:05');

/*Table structure for table `leave_apply` */

DROP TABLE IF EXISTS `leave_apply`;

CREATE TABLE `leave_apply` (
  `id` bigint(11) NOT NULL AUTO_INCREMENT,
  `process_instance_id` varchar(50) DEFAULT NULL COMMENT '流程实例id',
  `type` int(1) NOT NULL COMMENT '请假类型',
  `reason` varchar(100) NOT NULL COMMENT '请假事由',
  `user_id` bigint(11) NOT NULL COMMENT '申请人id',
  `start_date` datetime NOT NULL COMMENT '申请日期',
  `end_date` datetime NOT NULL COMMENT '结束日期',
  `create_time` datetime NOT NULL COMMENT '创建时间',
  `update_time` datetime NOT NULL COMMENT '更新时间',
  PRIMARY KEY (`id`)
) ENGINE=InnoDB AUTO_INCREMENT=67 DEFAULT CHARSET=utf8 COMMENT='OA请假申请表';

/*Data for the table `leave_apply` */

/*Table structure for table `order_info` */

DROP TABLE IF EXISTS `order_info`;

CREATE TABLE `order_info` (
  `id` bigint(20) NOT NULL AUTO_INCREMENT,
  `order_no` varchar(50) NOT NULL,
  `total_fee` bigint(11) NOT NULL,
  `good_name` varchar(50) NOT NULL,
  `order_source` tinyint(4) NOT NULL DEFAULT '0',
  `create_time` datetime NOT NULL,
  `update_time` datetime NOT NULL,
  PRIMARY KEY (`id`)
) ENGINE=InnoDB DEFAULT CHARSET=utf8;

/*Data for the table `order_info` */

/*Table structure for table `sys_menu` */

DROP TABLE IF EXISTS `sys_menu`;

CREATE TABLE `sys_menu` (
  `id` bigint(20) NOT NULL AUTO_INCREMENT,
  `name` varchar(255) DEFAULT NULL,
  `url` varchar(255) DEFAULT NULL,
  `parent_id` bigint(20) DEFAULT NULL,
  `sort` varchar(100) DEFAULT NULL,
  `icon` varchar(30) DEFAULT NULL,
  `type` varchar(10) DEFAULT NULL,
  `permission_code` varchar(50) NOT NULL COMMENT '所需权限',
  PRIMARY KEY (`id`)
) ENGINE=InnoDB AUTO_INCREMENT=24 DEFAULT CHARSET=utf8;

/*Data for the table `sys_menu` */

insert  into `sys_menu`(`id`,`name`,`url`,`parent_id`,`sort`,`icon`,`type`,`permission_code`) values (1,'系统管理','#',0,'1','&#xe61d;','1','sys:mgt'),(2,'用户管理','/user/toUserListView',1,'2',NULL,'1','user:mgt'),(4,'角色管理','/role/toRoleListView',1,'4',NULL,'1','role:mgt'),(5,'权限管理','/permission/toListView',1,'3',NULL,'1','permission:mgt'),(6,'微信开发','#',0,'1','&#xe694;','1','wechat:mgt'),(7,'模板消息','/wechat/template/toTemplateMsgView',6,'2',NULL,'1','template:msg:send'),(9,'实时监控','#',0,'1','&#xe695;','1','monitor:mgt'),(10,'tomcat日志实时监控','/socket/tomcatlog',9,'2',NULL,'1','monitor:tomcat:log'),(11,'消息推送','#',0,'1','&#xe6ce;','1','socket:push:mgt'),(12,'在线聊天','#',0,'1','&#xe622;','1','chat:mgt'),(13,'netty实现在线聊天','/chat/toChatView',12,'2','icon-rss','1','chat:netty:service'),(14,'activiti工作流','#',0,'1','&#xe637;','1','activiti:mgt'),(15,'OA请假申请','/oa/toOaApplyView',14,'3','icon-rss','1','activiti:oa:apply'),(16,'已部署工作流程','/activiti/toProcessListView',14,'2','icon-rss','1','activiti:process:list'),(17,'我发起的请假流程','/oa/toMyLeaveApplyView',14,'4','icon-rss','1','activiti:myprocess:leaveapply'),(18,'部门领导审批','/oa/toDeptleaderAuditView',14,'5','icon-rss','1','activiti:deptleader:audit'),(19,'请假调整申请','/oa/toMyLeaveApplyTurndownView',14,'6','icon-rss','1','activiti:myleaveapply:modify'),(20,'我的请假历史','/oa/toMyLeaveApplyHistoryView',14,'7','icon-rss','1','activiti:myleaveapplyed:history'),(21,'人事审批','/oa/toHrAuditView',14,'8','icon-rss','1','activiti:hr:audit'),(22,'推送消息给当前用户','/socket/userpush',11,'2',NULL,'1','socket:user:msgpush'),(23,'推送消息给所有用户','/socket/userpush/all',11,'3',NULL,'1','socket:alluser:msgpush');

/*Table structure for table `sys_permission` */

DROP TABLE IF EXISTS `sys_permission`;

CREATE TABLE `sys_permission` (
  `id` bigint(20) NOT NULL AUTO_INCREMENT,
  `name` varchar(20) NOT NULL COMMENT '权限名称',
  `code` varchar(50) NOT NULL COMMENT '权限代码',
  `description` varchar(50) DEFAULT NULL COMMENT '描述',
  `parent_id` bigint(20) DEFAULT NULL COMMENT '父id',
  `status` tinyint(4) NOT NULL DEFAULT '0' COMMENT '状态，0：可用，1：不可用',
  PRIMARY KEY (`id`)
) ENGINE=InnoDB AUTO_INCREMENT=41 DEFAULT CHARSET=utf8 COMMENT='权限表';

/*Data for the table `sys_permission` */

insert  into `sys_permission`(`id`,`name`,`code`,`description`,`parent_id`,`status`) values (1,'系统管理','sys:mgt','对系统模块的管理',-1,0),(2,'人员管理','user:mgt','对人员进行管理',1,0),(3,'角色管理','role:mgt','对角色进行管理',1,0),(4,'权限管理','permission:mgt','对权限进行管理',1,0),(9,'查看用户列表','user:list','可以查看用户列表',2,0),(10,'编辑用户信息','user:edit','可以编辑用户信息',9,0),(11,'删除用户','user:delete','可以删除用户',9,0),(12,'查看角色列表','role:list','可以查看角色列表',3,0),(13,'查看权限列表','permission:list',NULL,4,0),(14,'新增角色','role:add','新增角色信息',12,0),(15,'编辑角色','role:edit','编辑角色信息',12,0),(16,'删除角色','role:delete','可以删除角色',12,0),(17,'新增权限','permission:add','可以添加新权限',13,0),(18,'编辑权限','permission:edit','修改权限信息',13,0),(19,'删除权限','permission:delete','可以删除权限数据',13,0),(20,'添加用户','user:add','可以添加新的用户',9,0),(21,'微信开发','wechat:mgt','微信相关功能开发演示',-1,0),(22,'微信模板消息','template:msg:send','测试发送微信模板消息',21,0),(23,'监控管理','monitor:mgt','监控管理',-1,0),(24,'tomcat日志监控','monitor:tomcat:log','可以查看服务器上tomcat的实时打印日志',23,0),(25,'服务器消息推送','socket:push:mgt','服务器消息推送',-1,0),(26,'在线聊天','chat:mgt','在线聊天',-1,0),(27,'netty实现在线聊天','chat:netty:service','netty实现在线聊天',26,0),(28,'activiti工作流','activiti:mgt','activiti工作流相关技术',-1,0),(29,'OA请假流程','activiti:oa:apply','基于工作流实现OA请假',28,0),(30,'已部署的工作流','activiti:process:list','已部署的工作流',28,0),(31,'我发起的请假流程','activiti:myprocess:leaveapply','我发起的请假流程',28,0),(32,'部门领导审批','activiti:deptleader:audit','部门领导审批',28,0),(33,'请假调整申请','activiti:myleaveapply:modify','重新修改被驳回的请假申请',28,0),(34,'我的请假历史','activiti:myleaveapplyed:history','我的请假历史',28,0),(35,'人事审批请假申请','activiti:hr:audit','人事审批请假申请',28,0),(39,'推送消息给自己','socket:user:msgpush','推送消息给自己',25,0),(40,'推送消息给所有人','socket:alluser:msgpush','推送消息给所有人',25,0);

/*Table structure for table `sys_role` */

DROP TABLE IF EXISTS `sys_role`;

CREATE TABLE `sys_role` (
  `id` bigint(24) NOT NULL AUTO_INCREMENT,
  `name` varchar(20) NOT NULL,
  `description` varchar(50) DEFAULT NULL COMMENT '描述',
  `status` tinyint(4) NOT NULL DEFAULT '0',
  `update_time` datetime NOT NULL,
  `create_time` datetime NOT NULL,
  PRIMARY KEY (`id`)
) ENGINE=InnoDB AUTO_INCREMENT=11 DEFAULT CHARSET=utf8 COMMENT='角色表';

/*Data for the table `sys_role` */

insert  into `sys_role`(`id`,`name`,`description`,`status`,`update_time`,`create_time`) values (1,'超级管理员','最高级别权限管理员',0,'2016-08-01 15:17:52','2016-08-01 15:17:53'),(2,'员工','基层员工',0,'2016-08-01 15:18:21','2016-08-01 15:18:23'),(3,'财务','财务部角色',0,'2016-08-03 13:21:56','2016-08-03 13:21:58'),(4,'人事','人事',0,'2017-03-21 13:19:34','2017-03-21 13:19:34'),(5,'部门经理','部门经理',0,'2017-03-21 13:20:47','2017-03-21 13:20:47'),(6,'出纳员','出纳员',0,'2017-03-21 13:22:06','2017-03-21 13:22:06'),(7,'采购经理','采购经理',0,'2017-03-21 13:22:23','2017-03-21 13:22:23'),(8,'总经理','总经理',0,'2017-03-21 13:23:03','2017-03-21 13:23:03');

/*Table structure for table `sys_role_permission` */

DROP TABLE IF EXISTS `sys_role_permission`;

CREATE TABLE `sys_role_permission` (
  `id` bigint(20) NOT NULL AUTO_INCREMENT,
  `role_id` bigint(20) NOT NULL,
  `permission_id` bigint(20) NOT NULL,
  PRIMARY KEY (`id`)
) ENGINE=InnoDB AUTO_INCREMENT=1119 DEFAULT CHARSET=utf8 COMMENT='角色权限表';

/*Data for the table `sys_role_permission` */

insert  into `sys_role_permission`(`id`,`role_id`,`permission_id`) values (226,3,-1),(227,3,1),(228,3,2),(688,5,-1),(689,5,28),(690,5,30),(691,5,32),(830,4,-1),(831,4,28),(832,4,30),(833,4,35),(870,2,-1),(871,2,1),(872,2,2),(873,2,28),(874,2,29),(875,2,30),(876,2,31),(877,2,33),(878,2,34),(1085,1,-1),(1086,1,1),(1087,1,2),(1088,1,9),(1089,1,10),(1090,1,11),(1091,1,20),(1092,1,3),(1093,1,12),(1094,1,14),(1095,1,15),(1096,1,16),(1097,1,4),(1098,1,13),(1099,1,17),(1100,1,18),(1101,1,19),(1102,1,21),(1103,1,22),(1104,1,23),(1105,1,24),(1106,1,25),(1107,1,39),(1108,1,40),(1109,1,26),(1110,1,27),(1111,1,28),(1112,1,29),(1113,1,30),(1114,1,31),(1115,1,32),(1116,1,33),(1117,1,34),(1118,1,35);

/*Table structure for table `sys_user` */

DROP TABLE IF EXISTS `sys_user`;

CREATE TABLE `sys_user` (
  `id` bigint(11) NOT NULL AUTO_INCREMENT,
  `user_name` varchar(20) DEFAULT NULL COMMENT '登录用户名',
  `password` varchar(50) DEFAULT NULL COMMENT '密码',
  `real_name` varchar(20) DEFAULT NULL COMMENT '真实姓名',
  `status` tinyint(4) NOT NULL DEFAULT '0' COMMENT '账号状态',
  `open_id` varchar(50) DEFAULT NULL COMMENT '微信openid',
  `from_system` tinyint(4) NOT NULL DEFAULT '0' COMMENT '来源哪个系统。(后期会进行与第三方系统做用户数据对接，默认为当前系统用户中心)',
  `create_time` datetime NOT NULL,
  `update_time` datetime DEFAULT NULL,
  PRIMARY KEY (`id`)
) ENGINE=InnoDB AUTO_INCREMENT=40 DEFAULT CHARSET=utf8;

/*Data for the table `sys_user` */

insert  into `sys_user`(`id`,`user_name`,`password`,`real_name`,`status`,`open_id`,`from_system`,`create_time`,`update_time`) values (1,'admin','e10adc3949ba59abbe56e057f20f883e','超级管理员',0,NULL,0,'2016-08-03 13:22:46','2017-07-20 18:53:13'),(3,'bumenjingli','e10adc3949ba59abbe56e057f20f883e','部门经理',0,NULL,0,'2017-04-01 11:36:59','2017-04-01 11:36:59'),(5,'renshi','e10adc3949ba59abbe56e057f20f883e','小欣',0,NULL,0,'2017-05-19 14:34:32','2017-07-11 16:40:40'),(6,'renshi02','e10adc3949ba59abbe56e057f20f883e','小花',2,NULL,0,'2017-05-19 15:20:50','2017-07-11 17:15:53'),(31,'yuangong01','e10adc3949ba59abbe56e057f20f883e','张三',1,NULL,0,'2017-07-11 16:33:26','2017-07-11 17:16:00'),(34,'chunayuan','e10adc3949ba59abbe56e057f20f883e','李斯',0,NULL,0,'2017-07-11 16:41:36','2017-07-11 16:41:36'),(36,'caiwu','e10adc3949ba59abbe56e057f20f883e','张华',0,NULL,0,'2017-07-11 16:42:17','2017-07-11 16:42:17'),(38,'caigoujingli','e10adc3949ba59abbe56e057f20f883e','李天',0,NULL,0,'2017-07-11 16:42:56','2017-07-11 16:42:56'),(39,'zongjingli','e10adc3949ba59abbe56e057f20f883e','王化',2,NULL,0,'2017-07-11 16:43:18','2017-07-11 17:15:41');

/*Table structure for table `sys_user_role` */

DROP TABLE IF EXISTS `sys_user_role`;

CREATE TABLE `sys_user_role` (
  `id` bigint(20) NOT NULL AUTO_INCREMENT,
  `user_id` bigint(20) NOT NULL,
  `role_id` bigint(20) NOT NULL,
  PRIMARY KEY (`id`)
) ENGINE=InnoDB AUTO_INCREMENT=132 DEFAULT CHARSET=utf8 COMMENT='用户角色表';

/*Data for the table `sys_user_role` */

insert  into `sys_user_role`(`id`,`user_id`,`role_id`) values (68,3,5),(115,5,4),(117,34,6),(119,36,3),(121,38,7),(127,39,8),(128,6,4),(129,31,2),(131,1,1);

/*Table structure for table `visit_record` */

DROP TABLE IF EXISTS `visit_record`;

CREATE TABLE `visit_record` (
  `id` int(11) NOT NULL AUTO_INCREMENT,
  `cli_ip` varchar(20) DEFAULT NULL COMMENT '客户端ip',
  `cli_sys_version` longtext COMMENT '客户端系统版本',
  `cli_sys_arch` varchar(20) DEFAULT NULL COMMENT '客户端操作系统位数',
  `cli_sys_name` varchar(20) DEFAULT NULL COMMENT '客户端系统名称',
  `cli_sys_agent` longtext COMMENT '浏览器基本信息',
  `cli_req_url` varchar(200) DEFAULT NULL COMMENT '客户端发出请求时的完整URL',
  `cli_req_uri` varchar(50) DEFAULT NULL COMMENT '请求行中的资源名部分',
  `cli_req_method` varchar(10) DEFAULT NULL COMMENT '客户机请求方式',
  `local_addr` varchar(50) DEFAULT NULL COMMENT 'WEB服务器的IP地址',
  `local_name` varchar(50) DEFAULT NULL COMMENT 'WEB服务器的主机名',
  `req_session_id` varchar(50) NOT NULL COMMENT '会话的sessionId',
  `login_user_name` varchar(20) NOT NULL COMMENT '登录用户名',
  `user_from_system` tinyint(4) NOT NULL COMMENT '用户来自哪个系统',
  `create_time` datetime NOT NULL COMMENT '来访时间',
  `update_time` datetime NOT NULL,
  PRIMARY KEY (`id`)
) ENGINE=InnoDB AUTO_INCREMENT=113 DEFAULT CHARSET=utf8;

/*Data for the table `visit_record` */

insert  into `visit_record`(`id`,`cli_ip`,`cli_sys_version`,`cli_sys_arch`,`cli_sys_name`,`cli_sys_agent`,`cli_req_url`,`cli_req_uri`,`cli_req_method`,`local_addr`,`local_name`,`req_session_id`,`login_user_name`,`user_from_system`,`create_time`,`update_time`) values (30,'127.0.0.1','6.1','amd64','Windows 7','Mozilla/5.0 (Windows NT 6.1; Win64; x64) AppleWebKit/537.36 (KHTML, like Gecko) Chrome/55.0.2883.87 Safari/537.36','http://server.zhoubang85.com/main','/main','GET','127.0.0.1','server.zhoubang85.com','5DD6949C2E598296C6B5D0D03893BD70','admin',0,'2017-07-21 17:26:20','2017-07-21 17:26:20'),(31,'127.0.0.1','6.1','amd64','Windows 7','Mozilla/5.0 (Windows NT 6.1; Win64; x64) AppleWebKit/537.36 (KHTML, like Gecko) Chrome/55.0.2883.87 Safari/537.36','http://server.zhoubang85.com/main','/main','GET','127.0.0.1','server.zhoubang85.com','DA937438C06E53CA381D3D0F755B51AC','admin',0,'2017-07-21 17:48:51','2017-07-21 17:48:51'),(32,'127.0.0.1','6.1','amd64','Windows 7','Mozilla/5.0 (Windows NT 6.1; Win64; x64) AppleWebKit/537.36 (KHTML, like Gecko) Chrome/55.0.2883.87 Safari/537.36','http://server.zhoubang85.com/main','/main','GET','127.0.0.1','server.zhoubang85.com','1C0B22537E31CC21CE59917359353DBB','admin',0,'2017-07-21 17:53:39','2017-07-21 17:53:39'),(33,'127.0.0.1','6.1','amd64','Windows 7','Mozilla/5.0 (Windows NT 6.1; Win64; x64) AppleWebKit/537.36 (KHTML, like Gecko) Chrome/55.0.2883.87 Safari/537.36','http://server.zhoubang85.com/main','/main','GET','127.0.0.1','server.zhoubang85.com','4C29AF7B26816844B368E3E162E37ED9','admin',0,'2017-07-21 18:13:35','2017-07-21 18:13:35'),(34,'127.0.0.1','6.1','amd64','Windows 7','Mozilla/5.0 (Windows NT 6.1; Win64; x64) AppleWebKit/537.36 (KHTML, like Gecko) Chrome/55.0.2883.87 Safari/537.36','http://server.zhoubang85.com/main','/main','GET','127.0.0.1','server.zhoubang85.com','71BB7260EECB7CB7249A124E2D21A6A8','admin',0,'2017-07-21 18:14:13','2017-07-21 18:14:13'),(35,'120.204.61.57','2.6.32-431.23.3.el6.x86_64','amd64','Linux','Mozilla/5.0 (Windows NT 6.1; Win64; x64) AppleWebKit/537.36 (KHTML, like Gecko) Chrome/55.0.2883.87 Safari/537.36','http://www.2b2b92b.com/main','/main','GET','127.0.0.1','localhost','58655B727AB555C7DDE151AF1230A010','admin',0,'2017-07-21 18:27:22','2017-07-21 18:27:22'),(36,'210.78.141.92','2.6.32-431.23.3.el6.x86_64','amd64','Linux','Mozilla/5.0 (Windows NT 10.0; WOW64) AppleWebKit/537.36 (KHTML, like Gecko) Chrome/59.0.3071.115 Safari/537.36','http://www.2b2b92b.com/main','/main','GET','127.0.0.1','localhost','91550F40BF254BEA28CFFB29CCFB50EA','admin',0,'2017-07-21 19:20:44','2017-07-21 19:20:44'),(37,'60.191.89.26','2.6.32-431.23.3.el6.x86_64','amd64','Linux','Mozilla/5.0 (Windows NT 10.0; Win64; x64) AppleWebKit/537.36 (KHTML, like Gecko) Chrome/59.0.3071.115 Safari/537.36','http://www.2b2b92b.com/main','/main','GET','127.0.0.1','localhost','D3B5EF2693966E24BA8C6FF87AE4078B','admin',0,'2017-07-21 19:30:34','2017-07-21 19:30:34'),(38,'116.22.33.114','2.6.32-431.23.3.el6.x86_64','amd64','Linux','Mozilla/5.0 (Windows NT 10.0; Win64; x64) AppleWebKit/537.36 (KHTML, like Gecko) Chrome/59.0.3071.86 Safari/537.36','http://www.2b2b92b.com/main','/main','GET','127.0.0.1','localhost','9E17E9583553C52E1987929FB22E7FED','admin',0,'2017-07-21 19:35:47','2017-07-21 19:35:47'),(39,'60.191.89.26','2.6.32-431.23.3.el6.x86_64','amd64','Linux','Mozilla/5.0 (Windows NT 10.0; Win64; x64) AppleWebKit/537.36 (KHTML, like Gecko) Chrome/59.0.3071.115 Safari/537.36','http://www.2b2b92b.com/main','/main','GET','127.0.0.1','localhost','5C34CF6EEEBDD20F031D0D90A86A9509','admin',0,'2017-07-21 19:40:16','2017-07-21 19:40:16'),(40,'123.119.29.82','2.6.32-431.23.3.el6.x86_64','amd64','Linux','Mozilla/5.0 (Windows NT 6.1; Win64; x64) AppleWebKit/537.36 (KHTML, like Gecko) Chrome/59.0.3071.115 Safari/537.36','http://www.2b2b92b.com/main','/main','GET','127.0.0.1','localhost','2451F4ED2DBD026C11C428920A264D99','admin',0,'2017-07-21 19:52:11','2017-07-21 19:52:11'),(41,'60.191.89.26','2.6.32-431.23.3.el6.x86_64','amd64','Linux','Mozilla/5.0 (Windows NT 10.0; Win64; x64) AppleWebKit/537.36 (KHTML, like Gecko) Chrome/59.0.3071.115 Safari/537.36','http://www.2b2b92b.com/main','/main','GET','127.0.0.1','localhost','3469E03D484ADE09C3D4A39754CCFAD2','admin',0,'2017-07-21 20:15:02','2017-07-21 20:15:02'),(42,'180.78.238.152','2.6.32-431.23.3.el6.x86_64','amd64','Linux','Mozilla/5.0 (Windows NT 10.0; Win64; x64) AppleWebKit/537.36 (KHTML, like Gecko) Chrome/51.0.2704.79 Safari/537.36 Edge/14.14393','http://www.2b2b92b.com/main','/main','GET','127.0.0.1','localhost','839C82D851D8F00D9494114B593D5A9C','admin',0,'2017-07-21 20:22:03','2017-07-21 20:22:03'),(43,'180.78.238.152','2.6.32-431.23.3.el6.x86_64','amd64','Linux','Mozilla/5.0 (Windows NT 10.0; Win64; x64) AppleWebKit/537.36 (KHTML, like Gecko) Chrome/51.0.2704.79 Safari/537.36 Edge/14.14393','http://www.2b2b92b.com/main','/main','GET','127.0.0.1','localhost','6E747E6B483B947D378B578E98DB382F','admin',0,'2017-07-21 20:22:55','2017-07-21 20:22:55'),(44,'180.78.238.152','2.6.32-431.23.3.el6.x86_64','amd64','Linux','Mozilla/5.0 (Windows NT 10.0; Win64; x64) AppleWebKit/537.36 (KHTML, like Gecko) Chrome/51.0.2704.79 Safari/537.36 Edge/14.14393','http://www.2b2b92b.com/main','/main','GET','127.0.0.1','localhost','6409F3AB704E42EA92012A6095677BF9','admin',0,'2017-07-21 20:27:58','2017-07-21 20:27:58'),(45,'113.200.68.146','2.6.32-431.23.3.el6.x86_64','amd64','Linux','Mozilla/5.0 (Windows NT 10.0; Win64; x64) AppleWebKit/537.36 (KHTML, like Gecko) Chrome/59.0.3071.115 Safari/537.36','http://www.2b2b92b.com/main','/main','GET','127.0.0.1','localhost','5E98B725C1702DDF15B76437B50D2C1E','admin',0,'2017-07-21 20:54:15','2017-07-21 20:54:15'),(46,'180.88.173.135','2.6.32-431.23.3.el6.x86_64','amd64','Linux','Mozilla/5.0 (Windows NT 6.1; WOW64) AppleWebKit/537.36 (KHTML, like Gecko) Chrome/55.0.2883.87 Safari/537.36','http://www.2b2b92b.com/main','/main','GET','127.0.0.1','localhost','57547F963D934B93C03988CA818B09D8','admin',0,'2017-07-21 21:05:01','2017-07-21 21:05:01'),(47,'58.40.17.82','2.6.32-431.23.3.el6.x86_64','amd64','Linux','Mozilla/5.0 (Windows NT 6.1; WOW64) AppleWebKit/537.36 (KHTML, like Gecko) Chrome/49.0.2623.221 Safari/537.36 SE 2.X MetaSr 1.0','http://www.2b2b92b.com/main','/main','GET','127.0.0.1','localhost','2E98E9E88D01E5AC2A9CE710E091325A','admin',0,'2017-07-21 21:06:12','2017-07-21 21:06:12'),(48,'114.249.228.252','2.6.32-431.23.3.el6.x86_64','amd64','Linux','Mozilla/5.0 (Windows NT 10.0; Win64; x64) AppleWebKit/537.36 (KHTML, like Gecko) Chrome/59.0.3071.86 Safari/537.36','http://www.2b2b92b.com/main','/main','GET','127.0.0.1','localhost','D4B5C5598904899207D5246270101A94','admin',0,'2017-07-21 21:18:07','2017-07-21 21:18:07'),(49,'125.122.208.184','2.6.32-431.23.3.el6.x86_64','amd64','Linux','Mozilla/5.0 (Windows NT 6.1; WOW64; rv:54.0) Gecko/20100101 Firefox/54.0','http://www.2b2b92b.com/main','/main','GET','127.0.0.1','localhost','086450137F3E7DF298122E147704C238','admin',0,'2017-07-21 21:31:43','2017-07-21 21:31:43'),(50,'123.117.60.250','2.6.32-431.23.3.el6.x86_64','amd64','Linux','Mozilla/5.0 (Windows NT 10.0; WOW64) AppleWebKit/537.36 (KHTML, like Gecko) Chrome/58.0.3029.96 Safari/537.36','http://www.2b2b92b.com/main','/main','GET','127.0.0.1','localhost','26202075F6C16B27C4A8FEB8A5F5200A','admin',0,'2017-07-21 21:39:31','2017-07-21 21:39:31'),(51,'120.204.61.57','2.6.32-431.23.3.el6.x86_64','amd64','Linux','Mozilla/5.0 (Windows NT 6.1; Win64; x64) AppleWebKit/537.36 (KHTML, like Gecko) Chrome/55.0.2883.87 Safari/537.36','http://www.2b2b92b.com/main','/main','GET','127.0.0.1','localhost','B19C57CCE5031C80AB8CC8FFE6D01B81','admin',0,'2017-07-21 21:44:23','2017-07-21 21:44:23'),(52,'113.69.136.185','2.6.32-431.23.3.el6.x86_64','amd64','Linux','Mozilla/5.0 (iPhone; CPU iPhone OS 10_2_1 like Mac OS X) AppleWebKit/602.4.6 (KHTML, like Gecko) Mobile/14D27','http://www.2b2b92b.com/main','/main','GET','127.0.0.1','localhost','BB81C995DE00C23B9EA123B6874599C4','admin',0,'2017-07-21 22:06:59','2017-07-21 22:06:59'),(53,'223.167.127.202','2.6.32-431.23.3.el6.x86_64','amd64','Linux','Mozilla/5.0 (Windows NT 6.1; WOW64) AppleWebKit/537.36 (KHTML, like Gecko) Chrome/45.0.2454.101 Safari/537.36','http://www.2b2b92b.com/main','/main','GET','127.0.0.1','localhost','9612EF22596F30FE9A2B75DDE2577B0E','admin',0,'2017-07-21 22:22:01','2017-07-21 22:22:01'),(54,'119.129.229.89','2.6.32-431.23.3.el6.x86_64','amd64','Linux','Mozilla/5.0 (Windows NT 6.1; Win64; x64) AppleWebKit/537.36 (KHTML, like Gecko) Chrome/58.0.3029.110 Safari/537.36','http://www.2b2b92b.com/main','/main','GET','127.0.0.1','localhost','9E00AFFB2AC133B70134FBC3E2884298','admin',0,'2017-07-21 23:14:07','2017-07-21 23:14:07'),(55,'121.236.115.11','2.6.32-431.23.3.el6.x86_64','amd64','Linux','Mozilla/5.0 (Windows NT 6.1; WOW64) AppleWebKit/537.36 (KHTML, like Gecko) Maxthon/5.0.4.3000 Chrome/47.0.2526.73 Safari/537.36','http://www.2b2b92b.com/main','/main','GET','127.0.0.1','localhost','6DDB5598388E933A9D2EE6D487C103A2','admin',0,'2017-07-21 23:14:19','2017-07-21 23:14:19'),(56,'59.38.66.51','2.6.32-431.23.3.el6.x86_64','amd64','Linux','Mozilla/5.0 (Macintosh; Intel Mac OS X 10_12_5) AppleWebKit/603.2.4 (KHTML, like Gecko) Version/10.1.1 Safari/603.2.4','http://www.2b2b92b.com/main','/main','GET','127.0.0.1','localhost','0ECA100C7C8B1F5A427F698740ADBFBF','admin',0,'2017-07-21 23:27:48','2017-07-21 23:27:48'),(57,'111.17.69.226','2.6.32-431.23.3.el6.x86_64','amd64','Linux','Mozilla/5.0 (Linux; U; Android 6.0.1; zh-cn; Redmi Note 4X Build/MMB29M) AppleWebKit/537.36 (KHTML, like Gecko) Version/4.0 Chrome/53.0.2785.146 Mobile Safari/537.36 XiaoMi/MiuiBrowser/8.9.5','http://www.2b2b92b.com/main','/main','GET','127.0.0.1','localhost','A4234BF7F32284F6CF1DBDD43C2D5E62','admin',0,'2017-07-21 23:43:27','2017-07-21 23:43:27'),(58,'182.150.160.239','2.6.32-431.23.3.el6.x86_64','amd64','Linux','Mozilla/5.0 (Windows NT 10.0; WOW64) AppleWebKit/537.36 (KHTML, like Gecko) Chrome/59.0.3071.115 Safari/537.36','http://www.2b2b92b.com/main','/main','GET','127.0.0.1','localhost','6E76EEB4DE8F4ABF68EF3EC996743B3B','admin',0,'2017-07-21 23:43:39','2017-07-21 23:43:39'),(59,'27.38.12.140','2.6.32-431.23.3.el6.x86_64','amd64','Linux','Mozilla/5.0 (Windows NT 6.1; WOW64) AppleWebKit/537.36 (KHTML, like Gecko) Chrome/45.0.2454.101 Safari/537.36','http://www.2b2b92b.com/main','/main','GET','127.0.0.1','localhost','C4201531A9380F61AB725783120770B8','admin',0,'2017-07-21 23:51:00','2017-07-21 23:51:00'),(60,'183.192.74.169','2.6.32-431.23.3.el6.x86_64','amd64','Linux','Mozilla/5.0 (Windows NT 6.1; Win64; x64) AppleWebKit/537.36 (KHTML, like Gecko) Chrome/59.0.3071.115 Safari/537.36','http://www.2b2b92b.com/main','/main','GET','127.0.0.1','localhost','0C42294317DAA62C1A248E498150ABD9','admin',0,'2017-07-22 00:08:21','2017-07-22 00:08:21'),(61,'60.186.217.204','2.6.32-431.23.3.el6.x86_64','amd64','Linux','Mozilla/5.0 (Windows NT 10.0; Win64; x64) AppleWebKit/537.36 (KHTML, like Gecko) Chrome/59.0.3071.115 Safari/537.36','http://www.2b2b92b.com/main','/main','GET','127.0.0.1','localhost','C16FEFE7086B6699891EA6F59D23C57A','admin',0,'2017-07-22 02:23:16','2017-07-22 02:23:16'),(62,'113.64.106.118','2.6.32-431.23.3.el6.x86_64','amd64','Linux','Mozilla/5.0 (Macintosh; Intel Mac OS X 10_12_5) AppleWebKit/603.2.4 (KHTML, like Gecko) Version/10.1.1 Safari/603.2.4','http://www.2b2b92b.com/main','/main','GET','127.0.0.1','localhost','5179174D250C1587DB9E81D81B9CE240','admin',0,'2017-07-22 02:35:40','2017-07-22 02:35:40'),(63,'180.78.238.152','2.6.32-431.23.3.el6.x86_64','amd64','Linux','Mozilla/5.0 (Windows NT 10.0; Win64; x64) AppleWebKit/537.36 (KHTML, like Gecko) Chrome/51.0.2704.79 Safari/537.36 Edge/14.14393','http://www.2b2b92b.com/main','/main','GET','127.0.0.1','localhost','AE2389BBACEDFC2C3DE7FA9C2F8505DD','admin',0,'2017-07-22 06:51:03','2017-07-22 06:51:03'),(64,'180.78.238.152','2.6.32-431.23.3.el6.x86_64','amd64','Linux','Mozilla/5.0 (Windows NT 10.0; Win64; x64) AppleWebKit/537.36 (KHTML, like Gecko) Chrome/51.0.2704.79 Safari/537.36 Edge/14.14393','http://www.2b2b92b.com/main','/main','GET','127.0.0.1','localhost','AA49675D0290692B5E03D805CE200B19','admin',0,'2017-07-22 06:52:05','2017-07-22 06:52:05'),(65,'61.51.156.221','2.6.32-431.23.3.el6.x86_64','amd64','Linux','Mozilla/5.0 (Windows NT 6.1) AppleWebKit/537.36 (KHTML, like Gecko) Chrome/58.0.3029.96 Safari/537.36','http://www.2b2b92b.com/main','/main','GET','127.0.0.1','localhost','A048A94286DDC6DA55C9C822DA786B57','admin',0,'2017-07-22 07:34:28','2017-07-22 07:34:28'),(66,'117.73.243.209','2.6.32-431.23.3.el6.x86_64','amd64','Linux','Mozilla/5.0 (Linux; U; Android 7.0; zh-cn; MI 5 Build/NRD90M) AppleWebKit/537.36 (KHTML, like Gecko) Version/4.0 Chrome/53.0.2785.146 Mobile Safari/537.36 XiaoMi/MiuiBrowser/9.0.3','http://www.2b2b92b.com/main','/main','GET','127.0.0.1','localhost','15514295CFB9406D83443ADF89D60469','admin',0,'2017-07-22 08:15:03','2017-07-22 08:15:03'),(67,'58.56.27.197','2.6.32-431.23.3.el6.x86_64','amd64','Linux','Mozilla/5.0 (Windows NT 10.0; WOW64) AppleWebKit/537.36 (KHTML, like Gecko) Chrome/53.0.2785.104 Safari/537.36 Core/1.53.3103.400 QQBrowser/9.6.11372.400','http://www.2b2b92b.com/main','/main','GET','127.0.0.1','localhost','0C0CF239137A18B1F904A0244EA11BA1','admin',0,'2017-07-22 08:20:49','2017-07-22 08:20:49'),(68,'115.206.178.0','2.6.32-431.23.3.el6.x86_64','amd64','Linux','Mozilla/5.0 (Windows NT 10.0; WOW64) AppleWebKit/537.36 (KHTML, like Gecko) Chrome/50.0.2661.102 Safari/537.36','http://www.2b2b92b.com/main','/main','GET','127.0.0.1','localhost','5E3EEE7BB4A9E7E6E097C851A9DCFD45','admin',0,'2017-07-22 08:30:51','2017-07-22 08:30:51'),(69,'60.208.213.236','2.6.32-431.23.3.el6.x86_64','amd64','Linux','Mozilla/5.0 (X11; Linux x86_64) AppleWebKit/537.36 (KHTML, like Gecko) Chrome/58.0.3029.110 Safari/537.36','http://www.2b2b92b.com/main','/main','GET','127.0.0.1','localhost','36CB8CDE5EB4C67E663B425CD9F9726F','admin',0,'2017-07-22 09:13:55','2017-07-22 09:13:55'),(70,'122.5.84.110','2.6.32-431.23.3.el6.x86_64','amd64','Linux','Mozilla/5.0 (Windows NT 10.0; WOW64) AppleWebKit/537.36 (KHTML, like Gecko) Chrome/55.0.2883.87 Safari/537.36','http://www.2b2b92b.com/main','/main','GET','127.0.0.1','localhost','3E35D769A41ED49D7B00F43FCF8DF818','admin',0,'2017-07-22 09:16:26','2017-07-22 09:16:26'),(71,'222.222.144.66','2.6.32-431.23.3.el6.x86_64','amd64','Linux','Mozilla/5.0 (Windows NT 6.1; WOW64) AppleWebKit/537.36 (KHTML, like Gecko) Chrome/45.0.2454.101 Safari/537.36','http://www.2b2b92b.com/main','/main','GET','127.0.0.1','localhost','5D29408F47C0AA956FF331C88AD887CE','admin',0,'2017-07-22 09:30:12','2017-07-22 09:30:12'),(72,'218.19.18.158','2.6.32-431.23.3.el6.x86_64','amd64','Linux','Mozilla/5.0 (Windows NT 6.1; WOW64) AppleWebKit/537.36 (KHTML, like Gecko) Chrome/49.0.2623.221 Safari/537.36 SE 2.X MetaSr 1.0','http://www.2b2b92b.com/main','/main','GET','127.0.0.1','localhost','949FCB3907BF92D3243C07F88050807C','admin',0,'2017-07-22 09:38:44','2017-07-22 09:38:44'),(73,'106.122.162.62','2.6.32-431.23.3.el6.x86_64','amd64','Linux','Mozilla/5.0 (Windows NT 6.1; WOW64) AppleWebKit/537.36 (KHTML, like Gecko) Chrome/55.0.2883.87 Safari/537.36','http://www.2b2b92b.com/main','/main','GET','127.0.0.1','localhost','06321814E2DD2A559E8E589C9F91F963','admin',0,'2017-07-22 09:42:09','2017-07-22 09:42:09'),(74,'171.44.148.177','2.6.32-431.23.3.el6.x86_64','amd64','Linux','Mozilla/5.0 (Windows NT 6.1; WOW64) AppleWebKit/537.36 (KHTML, like Gecko) Chrome/53.0.2785.104 Safari/537.36 Core/1.53.2669.400 QQBrowser/9.6.10990.400','http://www.2b2b92b.com/main','/main','GET','127.0.0.1','localhost','865288F9EB89701D4CDE17A5AA2B12F3','admin',0,'2017-07-22 09:47:24','2017-07-22 09:47:24'),(75,'120.193.206.205','2.6.32-431.23.3.el6.x86_64','amd64','Linux','Mozilla/5.0 (Windows NT 6.1; WOW64) AppleWebKit/537.36 (KHTML, like Gecko) Chrome/55.0.2883.87 Safari/537.36','http://www.2b2b92b.com/main','/main','GET','127.0.0.1','localhost','694BE79AE79E3679DF16B382A5F88882','admin',0,'2017-07-22 09:58:51','2017-07-22 09:58:51'),(76,'116.21.181.124','2.6.32-431.23.3.el6.x86_64','amd64','Linux','Mozilla/5.0 (Windows NT 10.0; Win64; x64) AppleWebKit/537.36 (KHTML, like Gecko) Chrome/56.0.2924.87 Safari/537.36','http://www.2b2b92b.com/main','/main','GET','127.0.0.1','localhost','FC05392D9A0585890EE4F3F3125D5294','admin',0,'2017-07-22 10:08:54','2017-07-22 10:08:54'),(77,'118.116.108.21','2.6.32-431.23.3.el6.x86_64','amd64','Linux','Mozilla/5.0 (Windows NT 10.0; WOW64) AppleWebKit/537.36 (KHTML, like Gecko) Chrome/59.0.3071.115 Safari/537.36','http://www.2b2b92b.com/main','/main','GET','127.0.0.1','localhost','B4DCD5A69EDE97AB1B01A3C82F0B80AE','admin',0,'2017-07-22 10:32:21','2017-07-22 10:32:21'),(78,'114.222.114.204','2.6.32-431.23.3.el6.x86_64','amd64','Linux','Mozilla/5.0 (Windows NT 10.0; WOW64) AppleWebKit/537.36 (KHTML, like Gecko) Chrome/58.0.3029.110 Safari/537.36','http://www.2b2b92b.com/main','/main','GET','127.0.0.1','localhost','8B4B2819A608AD5FA3ED696EEECB50B5','admin',0,'2017-07-22 10:43:50','2017-07-22 10:43:50'),(79,'61.171.163.249','2.6.32-431.23.3.el6.x86_64','amd64','Linux','Mozilla/5.0 (Windows NT 6.1; WOW64; rv:54.0) Gecko/20100101 Firefox/54.0','http://www.2b2b92b.com/main','/main','GET','127.0.0.1','localhost','761AE743AF639155B809F72E5D06613B','admin',0,'2017-07-22 10:45:56','2017-07-22 10:45:56'),(80,'117.100.106.24','2.6.32-431.23.3.el6.x86_64','amd64','Linux','Mozilla/5.0 (Windows NT 6.1; WOW64) AppleWebKit/537.36 (KHTML, like Gecko) Chrome/58.0.3029.110 Safari/537.36','http://www.2b2b92b.com/main','/main','GET','127.0.0.1','localhost','EB1F105E6CDCAA115A0902DBEABD4C04','admin',0,'2017-07-22 10:49:50','2017-07-22 10:49:50'),(81,'114.242.243.23','2.6.32-431.23.3.el6.x86_64','amd64','Linux','Mozilla/5.0 (Windows NT 6.1; WOW64) AppleWebKit/537.36 (KHTML, like Gecko) Chrome/59.0.3071.115 Safari/537.36','http://www.2b2b92b.com/main','/main','GET','127.0.0.1','localhost','054429AC97D390CA5EBC790D2950C9C3','admin',0,'2017-07-22 10:50:38','2017-07-22 10:50:38'),(82,'118.116.108.21','2.6.32-431.23.3.el6.x86_64','amd64','Linux','Mozilla/5.0 (Windows NT 10.0; WOW64) AppleWebKit/537.36 (KHTML, like Gecko) Chrome/59.0.3071.115 Safari/537.36','http://www.2b2b92b.com/main','/main','GET','127.0.0.1','localhost','46F20287EF000DEA0464CBB999D84718','admin',0,'2017-07-22 11:10:48','2017-07-22 11:10:48'),(83,'183.250.213.84','2.6.32-431.23.3.el6.x86_64','amd64','Linux','Mozilla/5.0 (Windows NT 6.1; Win64; x64) AppleWebKit/537.36 (KHTML, like Gecko) Chrome/59.0.3071.86 Safari/537.36','http://www.2b2b92b.com/main','/main','GET','127.0.0.1','localhost','F32D0B0A3CCA1B862D4BC8A38C81FCF4','admin',0,'2017-07-22 11:13:20','2017-07-22 11:13:20'),(84,'112.95.25.162','2.6.32-431.23.3.el6.x86_64','amd64','Linux','Mozilla/5.0 (Windows NT 6.1; WOW64) AppleWebKit/537.36 (KHTML, like Gecko) Chrome/61.0.3141.7 Safari/537.36','http://www.2b2b92b.com/main','/main','GET','127.0.0.1','localhost','1ABAAABC8E56AFCE4E62D4217F38719F','admin',0,'2017-07-22 11:30:43','2017-07-22 11:30:43'),(85,'159.226.195.222','2.6.32-431.23.3.el6.x86_64','amd64','Linux','Mozilla/5.0 (Windows NT 10.0; WOW64) AppleWebKit/537.36 (KHTML, like Gecko) Chrome/61.0.3159.5 Safari/537.36','http://www.2b2b92b.com/main','/main','GET','127.0.0.1','localhost','0ED1F2A3036CD5F924416D3F3FE1BD36','admin',0,'2017-07-22 11:57:20','2017-07-22 11:57:20'),(86,'111.175.35.145','2.6.32-431.23.3.el6.x86_64','amd64','Linux','Mozilla/5.0 (Windows NT 6.1; WOW64) AppleWebKit/537.36 (KHTML, like Gecko) Chrome/55.0.2883.87 Safari/537.36','http://www.2b2b92b.com/main','/main','GET','127.0.0.1','localhost','CA22AB2473C962FAB2BDD2FF474017FF','admin',0,'2017-07-22 12:01:08','2017-07-22 12:01:08'),(87,'106.122.162.62','2.6.32-431.23.3.el6.x86_64','amd64','Linux','Mozilla/5.0 (Windows NT 6.1; WOW64) AppleWebKit/537.36 (KHTML, like Gecko) Chrome/55.0.2883.87 Safari/537.36','http://www.2b2b92b.com/main','/main','GET','127.0.0.1','localhost','FD74C87DCBA705F468BD51D7F3B226CF','admin',0,'2017-07-22 12:19:00','2017-07-22 12:19:00'),(88,'36.110.13.131','2.6.32-431.23.3.el6.x86_64','amd64','Linux','Mozilla/5.0 (Windows NT 10.0; WOW64) AppleWebKit/537.36 (KHTML, like Gecko) Chrome/49.0.2623.75 Safari/537.36 LBBROWSER','http://www.2b2b92b.com/main','/main','GET','127.0.0.1','localhost','951EA80B2EC4FE22090C7150F93CB686','admin',0,'2017-07-22 12:25:34','2017-07-22 12:25:34'),(89,'60.191.89.26','2.6.32-431.23.3.el6.x86_64','amd64','Linux','Mozilla/5.0 (Windows NT 10.0; Win64; x64) AppleWebKit/537.36 (KHTML, like Gecko) Chrome/59.0.3071.115 Safari/537.36','http://www.2b2b92b.com/main','/main','GET','127.0.0.1','localhost','3878F9D095EC85B3F3C86D337553A1F0','admin',0,'2017-07-22 12:39:14','2017-07-22 12:39:14'),(90,'60.191.89.26','2.6.32-431.23.3.el6.x86_64','amd64','Linux','Mozilla/5.0 (Windows NT 10.0; Win64; x64) AppleWebKit/537.36 (KHTML, like Gecko) Chrome/59.0.3071.115 Safari/537.36','http://www.2b2b92b.com/main','/main','GET','127.0.0.1','localhost','04E456B15BDEF47E277E31BF7C1E4ADB','admin',0,'2017-07-22 12:42:43','2017-07-22 12:42:43'),(91,'106.122.162.62','2.6.32-431.23.3.el6.x86_64','amd64','Linux','Mozilla/5.0 (Windows NT 6.1; WOW64) AppleWebKit/537.36 (KHTML, like Gecko) Chrome/55.0.2883.87 Safari/537.36','http://www.2b2b92b.com/main','/main','GET','127.0.0.1','localhost','B98D5F58E74F76C11D09F354C59656C6','admin',0,'2017-07-22 13:05:59','2017-07-22 13:05:59'),(92,'113.109.213.81','2.6.32-431.23.3.el6.x86_64','amd64','Linux','Mozilla/5.0 (Windows NT 6.1; WOW64) AppleWebKit/537.36 (KHTML, like Gecko) Chrome/50.0.2661.102 UBrowser/6.1.3228.1 Safari/537.36','http://www.2b2b92b.com/main','/main','GET','127.0.0.1','localhost','26D1D46648A1EB181E5DDDE017A91E63','admin',0,'2017-07-22 13:12:45','2017-07-22 13:12:45'),(93,'203.187.181.76','2.6.32-431.23.3.el6.x86_64','amd64','Linux','Mozilla/5.0 (Windows NT 10.0; Win64; x64) AppleWebKit/537.36 (KHTML, like Gecko) Chrome/58.0.3029.110 Safari/537.36','http://www.2b2b92b.com/main','/main','GET','127.0.0.1','localhost','76AFD931B7E30A12D3584C0E3E31AC87','admin',0,'2017-07-22 13:17:28','2017-07-22 13:17:28'),(94,'111.193.22.24','2.6.32-431.23.3.el6.x86_64','amd64','Linux','Mozilla/5.0 (Windows NT 10.0; Win64; x64) AppleWebKit/537.36 (KHTML, like Gecko) Chrome/51.0.2704.79 Safari/537.36 Edge/14.14393','http://www.2b2b92b.com/main','/main','GET','127.0.0.1','localhost','7C2E237BF44687F39E9AECE02B6060C5','admin',0,'2017-07-22 13:26:54','2017-07-22 13:26:54'),(95,'111.193.22.24','2.6.32-431.23.3.el6.x86_64','amd64','Linux','Mozilla/5.0 (Windows NT 10.0; Win64; x64) AppleWebKit/537.36 (KHTML, like Gecko) Chrome/51.0.2704.79 Safari/537.36 Edge/14.14393','http://www.2b2b92b.com/main','/main','GET','127.0.0.1','localhost','98DB178C76784DD39D6663737C3156D7','admin',0,'2017-07-22 13:27:46','2017-07-22 13:27:46'),(96,'183.193.191.148','2.6.32-431.23.3.el6.x86_64','amd64','Linux','Mozilla/5.0 (Windows NT 6.1; Win64; x64) AppleWebKit/537.36 (KHTML, like Gecko) Chrome/55.0.2883.87 Safari/537.36','http://www.2b2b92b.com/main','/main','GET','127.0.0.1','localhost','F262E2C93AEB42B05B330A93A5A5D0CF','admin',0,'2017-07-22 13:28:15','2017-07-22 13:28:15'),(97,'111.193.22.24','2.6.32-431.23.3.el6.x86_64','amd64','Linux','Mozilla/5.0 (Windows NT 10.0; Win64; x64) AppleWebKit/537.36 (KHTML, like Gecko) Chrome/51.0.2704.79 Safari/537.36 Edge/14.14393','http://www.2b2b92b.com/main','/main','GET','127.0.0.1','localhost','913C2D73725B4CA7FC76DB5E10C91974','admin',0,'2017-07-22 13:30:05','2017-07-22 13:30:05'),(98,'222.173.11.146','2.6.32-431.23.3.el6.x86_64','amd64','Linux','Mozilla/5.0 (Windows NT 6.1; WOW64) AppleWebKit/537.36 (KHTML, like Gecko) Chrome/58.0.3029.110 Safari/537.36','http://www.2b2b92b.com/main','/main','GET','127.0.0.1','localhost','3982BEE9B66DDB20E5011E9084C78776','admin',0,'2017-07-22 13:48:54','2017-07-22 13:48:54'),(99,'117.66.119.114','2.6.32-431.23.3.el6.x86_64','amd64','Linux','Mozilla/5.0 (Windows NT 6.3; Win64; x64) AppleWebKit/537.36 (KHTML, like Gecko) Chrome/59.0.3071.115 Safari/537.36','http://www.2b2b92b.com/main','/main','GET','127.0.0.1','localhost','B2B3EACCEE94BA3B6DD9DB0634384118','admin',0,'2017-07-22 14:28:11','2017-07-22 14:28:11'),(100,'123.149.240.132','2.6.32-431.23.3.el6.x86_64','amd64','Linux','Mozilla/5.0 (Windows NT 10.0; Win64; x64) AppleWebKit/537.36 (KHTML, like Gecko) Chrome/58.0.3029.110 Safari/537.36','http://www.2b2b92b.com/main','/main','GET','127.0.0.1','localhost','6EE8DAF74B800B410BB32371264A8759','admin',0,'2017-07-22 14:38:40','2017-07-22 14:38:40'),(101,'116.237.204.166','2.6.32-431.23.3.el6.x86_64','amd64','Linux','Mozilla/5.0 (Windows NT 6.1; WOW64) AppleWebKit/537.36 (KHTML, like Gecko) Chrome/54.0.2816.0 Safari/537.36','http://www.2b2b92b.com/main','/main','GET','127.0.0.1','localhost','D3D0B07A7CF0F7DB49DB1758AD3987B6','admin',0,'2017-07-22 15:25:24','2017-07-22 15:25:24'),(102,'180.168.61.162','2.6.32-431.23.3.el6.x86_64','amd64','Linux','Mozilla/5.0 (Windows NT 10.0; WOW64) AppleWebKit/537.36 (KHTML, like Gecko) Chrome/58.0.3029.110 Safari/537.36','http://www.2b2b92b.com/main','/main','GET','127.0.0.1','localhost','C9A4642DA39D9C0991F0CF48BF32B639','admin',0,'2017-07-22 15:56:27','2017-07-22 15:56:27'),(103,'113.106.190.234','2.6.32-431.23.3.el6.x86_64','amd64','Linux','Mozilla/5.0 (Windows NT 6.1; Win64; x64) AppleWebKit/537.36 (KHTML, like Gecko) Chrome/59.0.3071.115 Safari/537.36','http://www.2b2b92b.com/main','/main','GET','127.0.0.1','localhost','FAB101901AC2DDE5B8C29D844E76EF34','admin',0,'2017-07-22 15:57:18','2017-07-22 15:57:18'),(104,'183.214.51.86','2.6.32-431.23.3.el6.x86_64','amd64','Linux','Mozilla/5.0 (Windows NT 6.1; WOW64) AppleWebKit/537.36 (KHTML, like Gecko) Chrome/53.0.2785.104 Safari/537.36 Core/1.53.3211.400 QQBrowser/9.6.11523.400','http://www.2b2b92b.com/main','/main','GET','127.0.0.1','localhost','BE08EC55346B574F656D27A54017323D','admin',0,'2017-07-22 16:06:16','2017-07-22 16:06:16'),(105,'113.208.138.106','2.6.32-431.23.3.el6.x86_64','amd64','Linux','Mozilla/5.0 (Windows NT 6.1; WOW64; rv:30.0) Gecko/20100101 Firefox/30.0','http://www.2b2b92b.com/main','/main','GET','127.0.0.1','localhost','726D4F61654C0417504BFDAC28E21F7C','admin',0,'2017-07-22 16:18:31','2017-07-22 16:18:31'),(106,'1.86.246.233','2.6.32-431.23.3.el6.x86_64','amd64','Linux','Mozilla/5.0 (Windows NT 10.0; Win64; x64) AppleWebKit/537.36 (KHTML, like Gecko) Chrome/59.0.3071.115 Safari/537.36','http://www.2b2b92b.com/main','/main','GET','127.0.0.1','localhost','42AC30A7295446A68126FA2CD48533EC','admin',0,'2017-07-22 16:25:39','2017-07-22 16:25:39'),(107,'124.74.134.190','2.6.32-431.23.3.el6.x86_64','amd64','Linux','Mozilla/5.0 (Windows NT 10.0; WOW64) AppleWebKit/537.36 (KHTML, like Gecko) Chrome/53.0.2785.104 Safari/537.36 Core/1.53.3226.400 QQBrowser/9.6.11682.400','http://www.2b2b92b.com/main','/main','GET','127.0.0.1','localhost','70D37457B2EE57383252DFD168C80C12','admin',0,'2017-07-22 16:27:38','2017-07-22 16:27:38'),(108,'222.129.249.40','2.6.32-431.23.3.el6.x86_64','amd64','Linux','Mozilla/5.0 (Macintosh; Intel Mac OS X 10_12_5) AppleWebKit/537.36 (KHTML, like Gecko) Chrome/59.0.3071.115 Safari/537.36','http://www.2b2b92b.com/main','/main','GET','127.0.0.1','localhost','B6A9A351D94728184777F7ED76C1A20F','admin',0,'2017-07-22 16:30:06','2017-07-22 16:30:06'),(109,'183.193.191.148','2.6.32-431.23.3.el6.x86_64','amd64','Linux','Mozilla/5.0 (Windows NT 6.1; Win64; x64) AppleWebKit/537.36 (KHTML, like Gecko) Chrome/55.0.2883.87 Safari/537.36','http://www.2b2b92b.com/main','/main','GET','127.0.0.1','localhost','125B4268B5E94CDB49680809BD4E06B6','admin',0,'2017-07-22 16:30:44','2017-07-22 16:30:44'),(110,'211.161.249.183','2.6.32-431.23.3.el6.x86_64','amd64','Linux','Mozilla/5.0 (Macintosh; Intel Mac OS X 10_12_3) AppleWebKit/537.36 (KHTML, like Gecko) Chrome/59.0.3071.115 Safari/537.36','http://www.2b2b92b.com/main','/main','GET','127.0.0.1','localhost','2D8500A18006508DC07F9D85B529CC40','admin',0,'2017-07-22 16:44:38','2017-07-22 16:44:38'),(111,'183.193.191.148','2.6.32-431.23.3.el6.x86_64','amd64','Linux','Mozilla/5.0 (Windows NT 6.1; Win64; x64) AppleWebKit/537.36 (KHTML, like Gecko) Chrome/55.0.2883.87 Safari/537.36','http://www.2b2b92b.com/main','/main','GET','127.0.0.1','localhost','40433A8379B4910514686B1FC1D925BB','admin',0,'2017-07-22 17:24:18','2017-07-22 17:24:18'),(112,'183.193.191.148','2.6.32-431.23.3.el6.x86_64','amd64','Linux','Mozilla/5.0 (Windows NT 6.1; Win64; x64) AppleWebKit/537.36 (KHTML, like Gecko) Chrome/55.0.2883.87 Safari/537.36','http://www.2b2b92b.com/main','/main','GET','127.0.0.1','localhost','FF29C125F995346ACA59150B175D13C3','admin',0,'2017-07-22 17:26:50','2017-07-22 17:26:50');

/*!40101 SET SQL_MODE=@OLD_SQL_MODE */;
/*!40014 SET FOREIGN_KEY_CHECKS=@OLD_FOREIGN_KEY_CHECKS */;
/*!40014 SET UNIQUE_CHECKS=@OLD_UNIQUE_CHECKS */;
/*!40111 SET SQL_NOTES=@OLD_SQL_NOTES */;
